STATION,STATION_NAME,DATE,PRCP,SNOW,TMAX,TMIN
GHCND:USC00457941,SPOKANE WEATHER FORECAST OFFICE WA US,20150101,0,0,18,5
GHCND:USC00457941,SPOKANE WEATHER FORECAST OFFICE WA US,20150102,0.02,0.4,21,16
GHCND:USC00457941,SPOKANE WEATHER FORECAST OFFICE WA US,20150103,0.04,0.4,23,5
GHCND:USC00457941,SPOKANE WEATHER FORECAST OFFICE WA US,20150104,0.34,3.4,35,23
GHCND:USC00457941,SPOKANE WEATHER FORECAST OFFICE WA US,20150105,0,0,39,32
GHCND:USC00457941,SPOKANE WEATHER FORECAST OFFICE WA US,20150106,0,0,39,27
GHCND:USC00457941,SPOKANE WEATHER FORECAST OFFICE WA US,20150107,0,0,32,28
GHCND:USC00457941,SPOKANE WEATHER FORECAST OFFICE WA US,20150108,0,0,33,28
GHCND:USC00457941,SPOKANE WEATHER FORECAST OFFICE WA US,20150109,0,0,32,21
GHCND:USC00457941,SPOKANE WEATHER FORECAST OFFICE WA US,20150110,0.06,0.3,29,27
GHCND:USC00457941,SPOKANE WEATHER FORECAST OFFICE WA US,20150111,0,0,30,24
GHCND:USC00457941,SPOKANE WEATHER FORECAST OFFICE WA US,20150112,0,0,33,24
GHCND:USC00457941,SPOKANE WEATHER FORECAST OFFICE WA US,20150113,0,0,30,28
GHCND:USC00457941,SPOKANE WEATHER FORECAST OFFICE WA US,20150114,0,0,32,23
GHCND:USC00457941,SPOKANE WEATHER FORECAST OFFICE WA US,20150115,0.07,0.9,31,26
GHCND:USC00457941,SPOKANE WEATHER FORECAST OFFICE WA US,20150116,0.25,1.8,36,24
GHCND:USC00457941,SPOKANE WEATHER FORECAST OFFICE WA US,20150117,0.62,1.5,32,24
GHCND:USC00457941,SPOKANE WEATHER FORECAST OFFICE WA US,20150118,0.28,0,43,32
GHCND:USC00457941,SPOKANE WEATHER FORECAST OFFICE WA US,20150119,0,0,41,26
GHCND:USC00457941,SPOKANE WEATHER FORECAST OFFICE WA US,20150120,0,0,29,24
GHCND:USC00457941,SPOKANE WEATHER FORECAST OFFICE WA US,20150121,0,0,30,24
GHCND:USC00457941,SPOKANE WEATHER FORECAST OFFICE WA US,20150122,0.18,1.2,32,24
GHCND:USC00457941,SPOKANE WEATHER FORECAST OFFICE WA US,20150123,0,0,32,24
GHCND:USC00457941,SPOKANE WEATHER FORECAST OFFICE WA US,20150124,0.01,0,38,31
GHCND:USC00457941,SPOKANE WEATHER FORECAST OFFICE WA US,20150125,0,0,47,36
GHCND:USC00457941,SPOKANE WEATHER FORECAST OFFICE WA US,20150126,0,0,42,32
GHCND:USC00457941,SPOKANE WEATHER FORECAST OFFICE WA US,20150127,0,0,36,28
GHCND:USC00457941,SPOKANE WEATHER FORECAST OFFICE WA US,20150128,0,0,36,26
GHCND:USC00457941,SPOKANE WEATHER FORECAST OFFICE WA US,20150129,0,0,33,27
GHCND:USC00457941,SPOKANE WEATHER FORECAST OFFICE WA US,20150130,0.03,0,30,27
GHCND:USC00457941,SPOKANE WEATHER FORECAST OFFICE WA US,20150131,0,0,31,28
GHCND:USC00457941,SPOKANE WEATHER FORECAST OFFICE WA US,20150201,0.12,1.4,32,28
GHCND:USC00457941,SPOKANE WEATHER FORECAST OFFICE WA US,20150202,0.12,0.3,37,29
GHCND:USC00457941,SPOKANE WEATHER FORECAST OFFICE WA US,20150203,0,0,40,32
GHCND:USC00457941,SPOKANE WEATHER FORECAST OFFICE WA US,20150204,0.02,0,39,33
GHCND:USC00457941,SPOKANE WEATHER FORECAST OFFICE WA US,20150205,0.38,0,49,34
GHCND:USC00457941,SPOKANE WEATHER FORECAST OFFICE WA US,20150206,0.2,0,55,39
GHCND:USC00457941,SPOKANE WEATHER FORECAST OFFICE WA US,20150207,0.31,0,54,40
GHCND:USC00457941,SPOKANE WEATHER FORECAST OFFICE WA US,20150208,0,0,55,38
GHCND:USC00457941,SPOKANE WEATHER FORECAST OFFICE WA US,20150209,0.12,0,52,42
GHCND:USC00457941,SPOKANE WEATHER FORECAST OFFICE WA US,20150210,0,0,46,41
GHCND:USC00457941,SPOKANE WEATHER FORECAST OFFICE WA US,20150211,0,0,46,38
GHCND:USC00457941,SPOKANE WEATHER FORECAST OFFICE WA US,20150212,0,0,54,33
GHCND:USC00457941,SPOKANE WEATHER FORECAST OFFICE WA US,20150213,0,0,51,33
GHCND:USC00457941,SPOKANE WEATHER FORECAST OFFICE WA US,20150214,0,0,49,31
GHCND:USC00457941,SPOKANE WEATHER FORECAST OFFICE WA US,20150215,0,0,49,25
GHCND:USC00457941,SPOKANE WEATHER FORECAST OFFICE WA US,20150216,0,0,49,24
GHCND:USC00457941,SPOKANE WEATHER FORECAST OFFICE WA US,20150217,0,0,49,23
GHCND:USC00457941,SPOKANE WEATHER FORECAST OFFICE WA US,20150218,0,0,46,26
GHCND:USC00457941,SPOKANE WEATHER FORECAST OFFICE WA US,20150219,0,0,44,29
GHCND:USC00457941,SPOKANE WEATHER FORECAST OFFICE WA US,20150220,0,0,48,27
GHCND:USC00457941,SPOKANE WEATHER FORECAST OFFICE WA US,20150221,0,0,48,27
GHCND:USC00457941,SPOKANE WEATHER FORECAST OFFICE WA US,20150222,0,0,40,16
GHCND:USC00457941,SPOKANE WEATHER FORECAST OFFICE WA US,20150223,0,0,40,15
GHCND:USC00457941,SPOKANE WEATHER FORECAST OFFICE WA US,20150224,0,0,46,23
GHCND:USC00457941,SPOKANE WEATHER FORECAST OFFICE WA US,20150225,0,0,48,20
GHCND:USC00457941,SPOKANE WEATHER FORECAST OFFICE WA US,20150226,0,0,41,27
GHCND:USC00457941,SPOKANE WEATHER FORECAST OFFICE WA US,20150227,0,0,47,26
GHCND:USC00457941,SPOKANE WEATHER FORECAST OFFICE WA US,20150228,0,0,41,21
GHCND:USC00457941,SPOKANE WEATHER FORECAST OFFICE WA US,20150301,0,0,43,19
GHCND:USC00457941,SPOKANE WEATHER FORECAST OFFICE WA US,20150302,0.03,0.4,41,26
GHCND:USC00457941,SPOKANE WEATHER FORECAST OFFICE WA US,20150303,0,0,39,15
GHCND:USC00457941,SPOKANE WEATHER FORECAST OFFICE WA US,20150304,0,0,44,13
GHCND:USC00457941,SPOKANE WEATHER FORECAST OFFICE WA US,20150305,0,0,52,25
GHCND:USC00457941,SPOKANE WEATHER FORECAST OFFICE WA US,20150306,0,0,59,26
GHCND:USC00457941,SPOKANE WEATHER FORECAST OFFICE WA US,20150307,0,0,61,26
GHCND:USC00457941,SPOKANE WEATHER FORECAST OFFICE WA US,20150308,0,0,61,27
GHCND:USC00457941,SPOKANE WEATHER FORECAST OFFICE WA US,20150309,0,0,62,28
GHCND:USC00457941,SPOKANE WEATHER FORECAST OFFICE WA US,20150310,0,0,66,30
GHCND:USC00457941,SPOKANE WEATHER FORECAST OFFICE WA US,20150311,0,0,55,42
GHCND:USC00457941,SPOKANE WEATHER FORECAST OFFICE WA US,20150312,0,0,61,37
GHCND:USC00457941,SPOKANE WEATHER FORECAST OFFICE WA US,20150313,0,0,63,32
GHCND:USC00457941,SPOKANE WEATHER FORECAST OFFICE WA US,20150314,0.14,0,58,44
GHCND:USC00457941,SPOKANE WEATHER FORECAST OFFICE WA US,20150315,1.35,0,49,42
GHCND:USC00457941,SPOKANE WEATHER FORECAST OFFICE WA US,20150316,0,0,53,35
GHCND:USC00457941,SPOKANE WEATHER FORECAST OFFICE WA US,20150317,0.18,0,44,39
GHCND:USC00457941,SPOKANE WEATHER FORECAST OFFICE WA US,20150318,0.02,0,56,35
GHCND:USC00457941,SPOKANE WEATHER FORECAST OFFICE WA US,20150319,0,0,55,30
GHCND:USC00457941,SPOKANE WEATHER FORECAST OFFICE WA US,20150320,0,0,60,38
GHCND:USC00457941,SPOKANE WEATHER FORECAST OFFICE WA US,20150321,0.02,0,56,34
GHCND:USC00457941,SPOKANE WEATHER FORECAST OFFICE WA US,20150322,0,0,57,29
GHCND:USC00457941,SPOKANE WEATHER FORECAST OFFICE WA US,20150323,0.07,0,52,37
GHCND:USC00457941,SPOKANE WEATHER FORECAST OFFICE WA US,20150324,0.14,0,49,33
GHCND:USC00457941,SPOKANE WEATHER FORECAST OFFICE WA US,20150325,0.2,0,47,31
GHCND:USC00457941,SPOKANE WEATHER FORECAST OFFICE WA US,20150326,0.01,0,62,42
GHCND:USC00457941,SPOKANE WEATHER FORECAST OFFICE WA US,20150327,0.07,0,70,40
GHCND:USC00457941,SPOKANE WEATHER FORECAST OFFICE WA US,20150328,0.22,0,58,39
GHCND:USC00457941,SPOKANE WEATHER FORECAST OFFICE WA US,20150329,0,0,59,36
GHCND:USC00457941,SPOKANE WEATHER FORECAST OFFICE WA US,20150330,0,0,65,37
GHCND:USC00457941,SPOKANE WEATHER FORECAST OFFICE WA US,20150331,0,0,55,34
GHCND:USC00457941,SPOKANE WEATHER FORECAST OFFICE WA US,20150401,0.02,0,49,27
GHCND:USC00457941,SPOKANE WEATHER FORECAST OFFICE WA US,20150402,0,0,52,23
GHCND:USC00457941,SPOKANE WEATHER FORECAST OFFICE WA US,20150403,0,0,54,32
GHCND:USC00457941,SPOKANE WEATHER FORECAST OFFICE WA US,20150404,0,0,52,27
GHCND:USC00457941,SPOKANE WEATHER FORECAST OFFICE WA US,20150405,0.01,0,54,23
GHCND:USC00457941,SPOKANE WEATHER FORECAST OFFICE WA US,20150406,0.45,1.3,40,31
GHCND:USC00457941,SPOKANE WEATHER FORECAST OFFICE WA US,20150407,0,0,54,29
GHCND:USC00457941,SPOKANE WEATHER FORECAST OFFICE WA US,20150408,0,0,59,37
GHCND:USC00457941,SPOKANE WEATHER FORECAST OFFICE WA US,20150409,0.02,0,58,31
GHCND:USC00457941,SPOKANE WEATHER FORECAST OFFICE WA US,20150410,0,0,61,32
GHCND:USC00457941,SPOKANE WEATHER FORECAST OFFICE WA US,20150411,0,0,53,32
GHCND:USC00457941,SPOKANE WEATHER FORECAST OFFICE WA US,20150412,0,0,51,29
GHCND:USC00457941,SPOKANE WEATHER FORECAST OFFICE WA US,20150413,0.12,0,61,32
GHCND:USC00457941,SPOKANE WEATHER FORECAST OFFICE WA US,20150414,0.04,0,50,31
GHCND:USC00457941,SPOKANE WEATHER FORECAST OFFICE WA US,20150415,0,0,55,25
GHCND:USC00457941,SPOKANE WEATHER FORECAST OFFICE WA US,20150416,0,0,61,26
GHCND:USC00457941,SPOKANE WEATHER FORECAST OFFICE WA US,20150417,0,0,69,32
GHCND:USC00457941,SPOKANE WEATHER FORECAST OFFICE WA US,20150418,0,0,67,39
GHCND:USC00457941,SPOKANE WEATHER FORECAST OFFICE WA US,20150419,0,0,68,38
GHCND:USC00457941,SPOKANE WEATHER FORECAST OFFICE WA US,20150420,0,0,72,36
GHCND:USC00457941,SPOKANE WEATHER FORECAST OFFICE WA US,20150421,0,0,73,39
GHCND:USC00457941,SPOKANE WEATHER FORECAST OFFICE WA US,20150422,0,0,60,37
GHCND:USC00457941,SPOKANE WEATHER FORECAST OFFICE WA US,20150423,0.01,0,53,35
GHCND:USC00457941,SPOKANE WEATHER FORECAST OFFICE WA US,20150424,0,0,52,35
GHCND:USC00457941,SPOKANE WEATHER FORECAST OFFICE WA US,20150425,0.14,0,50,31
GHCND:USC00457941,SPOKANE WEATHER FORECAST OFFICE WA US,20150426,0,0,56,26
GHCND:USC00457941,SPOKANE WEATHER FORECAST OFFICE WA US,20150427,0,0,66,31
GHCND:USC00457941,SPOKANE WEATHER FORECAST OFFICE WA US,20150428,0,0,77,39
GHCND:USC00457941,SPOKANE WEATHER FORECAST OFFICE WA US,20150429,0.01,0,62,41
GHCND:USC00457941,SPOKANE WEATHER FORECAST OFFICE WA US,20150430,0,0,63,35
GHCND:USC00457941,SPOKANE WEATHER FORECAST OFFICE WA US,20150501,0,0,73,41
GHCND:USC00457941,SPOKANE WEATHER FORECAST OFFICE WA US,20150502,0,0,65,37
GHCND:USC00457941,SPOKANE WEATHER FORECAST OFFICE WA US,20150503,0,0,67,38
GHCND:USC00457941,SPOKANE WEATHER FORECAST OFFICE WA US,20150504,0,0,74,32
GHCND:USC00457941,SPOKANE WEATHER FORECAST OFFICE WA US,20150505,0,0,60,39
GHCND:USC00457941,SPOKANE WEATHER FORECAST OFFICE WA US,20150506,0,0,60,30
GHCND:USC00457941,SPOKANE WEATHER FORECAST OFFICE WA US,20150507,0,0,68,38
GHCND:USC00457941,SPOKANE WEATHER FORECAST OFFICE WA US,20150508,0,0,68,45
GHCND:USC00457941,SPOKANE WEATHER FORECAST OFFICE WA US,20150509,0,0,70,42
GHCND:USC00457941,SPOKANE WEATHER FORECAST OFFICE WA US,20150510,0,0,73,42
GHCND:USC00457941,SPOKANE WEATHER FORECAST OFFICE WA US,20150511,0,0,70,47
GHCND:USC00457941,SPOKANE WEATHER FORECAST OFFICE WA US,20150512,0.05,0,64,51
GHCND:USC00457941,SPOKANE WEATHER FORECAST OFFICE WA US,20150513,0.25,0,54,44
GHCND:USC00457941,SPOKANE WEATHER FORECAST OFFICE WA US,20150514,0,0,65,38
GHCND:USC00457941,SPOKANE WEATHER FORECAST OFFICE WA US,20150515,0,0,71,44
GHCND:USC00457941,SPOKANE WEATHER FORECAST OFFICE WA US,20150516,0.08,0,71,48
GHCND:USC00457941,SPOKANE WEATHER FORECAST OFFICE WA US,20150517,0.01,0,70,50
GHCND:USC00457941,SPOKANE WEATHER FORECAST OFFICE WA US,20150518,0,0,71,47
GHCND:USC00457941,SPOKANE WEATHER FORECAST OFFICE WA US,20150519,0,0,74,48
GHCND:USC00457941,SPOKANE WEATHER FORECAST OFFICE WA US,20150520,0,0,76,50
GHCND:USC00457941,SPOKANE WEATHER FORECAST OFFICE WA US,20150521,0,0,80,49
GHCND:USC00457941,SPOKANE WEATHER FORECAST OFFICE WA US,20150522,0.01,0,81,56
GHCND:USC00457941,SPOKANE WEATHER FORECAST OFFICE WA US,20150523,0,0,82,48
GHCND:USC00457941,SPOKANE WEATHER FORECAST OFFICE WA US,20150524,0,0,77,47
GHCND:USC00457941,SPOKANE WEATHER FORECAST OFFICE WA US,20150525,0.29,0,63,50
GHCND:USC00457941,SPOKANE WEATHER FORECAST OFFICE WA US,20150526,0.05,0,65,46
GHCND:USC00457941,SPOKANE WEATHER FORECAST OFFICE WA US,20150527,0,0,74,41
GHCND:USC00457941,SPOKANE WEATHER FORECAST OFFICE WA US,20150528,0,0,78,47
GHCND:USC00457941,SPOKANE WEATHER FORECAST OFFICE WA US,20150529,0,0,80,51
GHCND:USC00457941,SPOKANE WEATHER FORECAST OFFICE WA US,20150530,0,0,81,55
GHCND:USC00457941,SPOKANE WEATHER FORECAST OFFICE WA US,20150531,0,0,80,55
GHCND:USC00457941,SPOKANE WEATHER FORECAST OFFICE WA US,20150601,0.05,0,79,55
GHCND:USC00457941,SPOKANE WEATHER FORECAST OFFICE WA US,20150602,0,0,67,47
GHCND:USC00457941,SPOKANE WEATHER FORECAST OFFICE WA US,20150603,0,0,67,45
GHCND:USC00457941,SPOKANE WEATHER FORECAST OFFICE WA US,20150604,0,0,72,40
GHCND:USC00457941,SPOKANE WEATHER FORECAST OFFICE WA US,20150605,0,0,79,45
GHCND:USC00457941,SPOKANE WEATHER FORECAST OFFICE WA US,20150606,0,0,85,48
GHCND:USC00457941,SPOKANE WEATHER FORECAST OFFICE WA US,20150607,0,0,91,53
GHCND:USC00457941,SPOKANE WEATHER FORECAST OFFICE WA US,20150608,0,0,93,56
GHCND:USC00457941,SPOKANE WEATHER FORECAST OFFICE WA US,20150609,0,0,91,54
GHCND:USC00457941,SPOKANE WEATHER FORECAST OFFICE WA US,20150610,0,0,88,52
GHCND:USC00457941,SPOKANE WEATHER FORECAST OFFICE WA US,20150611,0,0,85,55
GHCND:USC00457941,SPOKANE WEATHER FORECAST OFFICE WA US,20150612,0,0,76,50
GHCND:USC00457941,SPOKANE WEATHER FORECAST OFFICE WA US,20150613,0,0,72,40
GHCND:USC00457941,SPOKANE WEATHER FORECAST OFFICE WA US,20150614,0,0,77,38
GHCND:USC00457941,SPOKANE WEATHER FORECAST OFFICE WA US,20150615,0,0,80,55
GHCND:USC00457941,SPOKANE WEATHER FORECAST OFFICE WA US,20150616,0,0,85,46
GHCND:USC00457941,SPOKANE WEATHER FORECAST OFFICE WA US,20150617,0,0,84,55
GHCND:USC00457941,SPOKANE WEATHER FORECAST OFFICE WA US,20150618,0,0,85,55
GHCND:USC00457941,SPOKANE WEATHER FORECAST OFFICE WA US,20150619,0,0,77,48
GHCND:USC00457941,SPOKANE WEATHER FORECAST OFFICE WA US,20150620,0,0,76,44
GHCND:USC00457941,SPOKANE WEATHER FORECAST OFFICE WA US,20150621,0,0,79,45
GHCND:USC00457941,SPOKANE WEATHER FORECAST OFFICE WA US,20150622,0,0,82,48
GHCND:USC00457941,SPOKANE WEATHER FORECAST OFFICE WA US,20150623,0,0,82,46
GHCND:USC00457941,SPOKANE WEATHER FORECAST OFFICE WA US,20150624,0,0,86,51
GHCND:USC00457941,SPOKANE WEATHER FORECAST OFFICE WA US,20150625,0,0,89,49
GHCND:USC00457941,SPOKANE WEATHER FORECAST OFFICE WA US,20150626,0,0,97,55
GHCND:USC00457941,SPOKANE WEATHER FORECAST OFFICE WA US,20150627,0,0,101,58
GHCND:USC00457941,SPOKANE WEATHER FORECAST OFFICE WA US,20150628,0,0,103,66
GHCND:USC00457941,SPOKANE WEATHER FORECAST OFFICE WA US,20150629,0.01,0,93,67
GHCND:USC00457941,SPOKANE WEATHER FORECAST OFFICE WA US,20150630,0,0,93,61
GHCND:USC00457941,SPOKANE WEATHER FORECAST OFFICE WA US,20150701,0,0,94,57
GHCND:USC00457941,SPOKANE WEATHER FORECAST OFFICE WA US,20150702,0,0,96,59
GHCND:USC00457941,SPOKANE WEATHER FORECAST OFFICE WA US,20150703,0,0,99,58
GHCND:USC00457941,SPOKANE WEATHER FORECAST OFFICE WA US,20150704,0,0,96,59
GHCND:USC00457941,SPOKANE WEATHER FORECAST OFFICE WA US,20150705,0,0,86,69
GHCND:USC00457941,SPOKANE WEATHER FORECAST OFFICE WA US,20150706,0,0,90,52
GHCND:USC00457941,SPOKANE WEATHER FORECAST OFFICE WA US,20150707,0,0,89,57
GHCND:USC00457941,SPOKANE WEATHER FORECAST OFFICE WA US,20150708,0,0,93,55
GHCND:USC00457941,SPOKANE WEATHER FORECAST OFFICE WA US,20150709,0,0,95,58
GHCND:USC00457941,SPOKANE WEATHER FORECAST OFFICE WA US,20150710,0.01,0,92,66
GHCND:USC00457941,SPOKANE WEATHER FORECAST OFFICE WA US,20150711,0.07,0,74,63
GHCND:USC00457941,SPOKANE WEATHER FORECAST OFFICE WA US,20150712,0,0,83,60
GHCND:USC00457941,SPOKANE WEATHER FORECAST OFFICE WA US,20150713,0,0,80,59
GHCND:USC00457941,SPOKANE WEATHER FORECAST OFFICE WA US,20150714,0,0,84,58
GHCND:USC00457941,SPOKANE WEATHER FORECAST OFFICE WA US,20150715,0,0,84,49
GHCND:USC00457941,SPOKANE WEATHER FORECAST OFFICE WA US,20150716,0,0,79,56
GHCND:USC00457941,SPOKANE WEATHER FORECAST OFFICE WA US,20150717,0,0,84,49
GHCND:USC00457941,SPOKANE WEATHER FORECAST OFFICE WA US,20150718,0,0,87,55
GHCND:USC00457941,SPOKANE WEATHER FORECAST OFFICE WA US,20150719,0,0,93,56
GHCND:USC00457941,SPOKANE WEATHER FORECAST OFFICE WA US,20150720,0,0,92,62
GHCND:USC00457941,SPOKANE WEATHER FORECAST OFFICE WA US,20150721,0,0,85,56
GHCND:USC00457941,SPOKANE WEATHER FORECAST OFFICE WA US,20150722,0,0,79,52
GHCND:USC00457941,SPOKANE WEATHER FORECAST OFFICE WA US,20150723,0,0,82,44
GHCND:USC00457941,SPOKANE WEATHER FORECAST OFFICE WA US,20150724,0,0,82,56
GHCND:USC00457941,SPOKANE WEATHER FORECAST OFFICE WA US,20150725,0,0,77,58
GHCND:USC00457941,SPOKANE WEATHER FORECAST OFFICE WA US,20150726,0,0,73,50
GHCND:USC00457941,SPOKANE WEATHER FORECAST OFFICE WA US,20150727,0.03,0,73,45
GHCND:USC00457941,SPOKANE WEATHER FORECAST OFFICE WA US,20150728,0,0,79,40
GHCND:USC00457941,SPOKANE WEATHER FORECAST OFFICE WA US,20150729,0,0,87,47
GHCND:USC00457941,SPOKANE WEATHER FORECAST OFFICE WA US,20150730,0,0,95,49
GHCND:USC00457941,SPOKANE WEATHER FORECAST OFFICE WA US,20150731,0,0,100,52
GHCND:USC00457941,SPOKANE WEATHER FORECAST OFFICE WA US,20150801,0,0,99,58
GHCND:USC00457941,SPOKANE WEATHER FORECAST OFFICE WA US,20150802,0,0,98,56
GHCND:USC00457941,SPOKANE WEATHER FORECAST OFFICE WA US,20150803,0,0,90,56
GHCND:USC00457941,SPOKANE WEATHER FORECAST OFFICE WA US,20150804,0,0,87,59
GHCND:USC00457941,SPOKANE WEATHER FORECAST OFFICE WA US,20150805,0,0,81,54
GHCND:USC00457941,SPOKANE WEATHER FORECAST OFFICE WA US,20150806,0,0,81,54
GHCND:USC00457941,SPOKANE WEATHER FORECAST OFFICE WA US,20150807,0,0,83,42
GHCND:USC00457941,SPOKANE WEATHER FORECAST OFFICE WA US,20150808,0,0,87,45
GHCND:USC00457941,SPOKANE WEATHER FORECAST OFFICE WA US,20150809,0.06,0,81,55
GHCND:USC00457941,SPOKANE WEATHER FORECAST OFFICE WA US,20150810,0,0,90,53
GHCND:USC00457941,SPOKANE WEATHER FORECAST OFFICE WA US,20150811,0,0,96,53
GHCND:USC00457941,SPOKANE WEATHER FORECAST OFFICE WA US,20150812,0,0,98,61
GHCND:USC00457941,SPOKANE WEATHER FORECAST OFFICE WA US,20150813,0.01,0,99,59
GHCND:USC00457941,SPOKANE WEATHER FORECAST OFFICE WA US,20150814,0,0,89,60
GHCND:USC00457941,SPOKANE WEATHER FORECAST OFFICE WA US,20150815,0,0,74,51
GHCND:USC00457941,SPOKANE WEATHER FORECAST OFFICE WA US,20150816,0,0,79,44
GHCND:USC00457941,SPOKANE WEATHER FORECAST OFFICE WA US,20150817,0,0,83,53
GHCND:USC00457941,SPOKANE WEATHER FORECAST OFFICE WA US,20150818,0,0,87,54
GHCND:USC00457941,SPOKANE WEATHER FORECAST OFFICE WA US,20150819,0,0,91,51
GHCND:USC00457941,SPOKANE WEATHER FORECAST OFFICE WA US,20150820,0,0,86,60
GHCND:USC00457941,SPOKANE WEATHER FORECAST OFFICE WA US,20150821,0,0,75,56
GHCND:USC00457941,SPOKANE WEATHER FORECAST OFFICE WA US,20150822,0,0,76,44
GHCND:USC00457941,SPOKANE WEATHER FORECAST OFFICE WA US,20150823,0,0,83,41
GHCND:USC00457941,SPOKANE WEATHER FORECAST OFFICE WA US,20150824,0,0,85,47
GHCND:USC00457941,SPOKANE WEATHER FORECAST OFFICE WA US,20150825,0,0,87,54
GHCND:USC00457941,SPOKANE WEATHER FORECAST OFFICE WA US,20150826,0,0,92,50
GHCND:USC00457941,SPOKANE WEATHER FORECAST OFFICE WA US,20150827,0,0,89,57
GHCND:USC00457941,SPOKANE WEATHER FORECAST OFFICE WA US,20150828,0,0,82,58
GHCND:USC00457941,SPOKANE WEATHER FORECAST OFFICE WA US,20150829,0.04,0,83,54
GHCND:USC00457941,SPOKANE WEATHER FORECAST OFFICE WA US,20150830,0.16,0,66,50
GHCND:USC00457941,SPOKANE WEATHER FORECAST OFFICE WA US,20150831,0,0,71,48
GHCND:USC00457941,SPOKANE WEATHER FORECAST OFFICE WA US,20150901,0,0,75,50
GHCND:USC00457941,SPOKANE WEATHER FORECAST OFFICE WA US,20150902,0,0,70,48
GHCND:USC00457941,SPOKANE WEATHER FORECAST OFFICE WA US,20150903,0,0,65,39
GHCND:USC00457941,SPOKANE WEATHER FORECAST OFFICE WA US,20150904,0.07,0,69,32
GHCND:USC00457941,SPOKANE WEATHER FORECAST OFFICE WA US,20150905,0.4,0,57,47
GHCND:USC00457941,SPOKANE WEATHER FORECAST OFFICE WA US,20150906,0.01,0,54,39
GHCND:USC00457941,SPOKANE WEATHER FORECAST OFFICE WA US,20150907,0,0,63,39
GHCND:USC00457941,SPOKANE WEATHER FORECAST OFFICE WA US,20150908,0,0,72,41
GHCND:USC00457941,SPOKANE WEATHER FORECAST OFFICE WA US,20150909,0,0,78,44
GHCND:USC00457941,SPOKANE WEATHER FORECAST OFFICE WA US,20150910,0,0,81,44
GHCND:USC00457941,SPOKANE WEATHER FORECAST OFFICE WA US,20150911,0,0,86,47
GHCND:USC00457941,SPOKANE WEATHER FORECAST OFFICE WA US,20150912,0,0,89,47
GHCND:USC00457941,SPOKANE WEATHER FORECAST OFFICE WA US,20150913,0,0,89,47
GHCND:USC00457941,SPOKANE WEATHER FORECAST OFFICE WA US,20150914,0,0,56,46
GHCND:USC00457941,SPOKANE WEATHER FORECAST OFFICE WA US,20150915,0,0,58,39
GHCND:USC00457941,SPOKANE WEATHER FORECAST OFFICE WA US,20150916,0,0,61,37
GHCND:USC00457941,SPOKANE WEATHER FORECAST OFFICE WA US,20150917,0,0,57,42
GHCND:USC00457941,SPOKANE WEATHER FORECAST OFFICE WA US,20150918,0,0,66,42
GHCND:USC00457941,SPOKANE WEATHER FORECAST OFFICE WA US,20150919,0,0,72,37
GHCND:USC00457941,SPOKANE WEATHER FORECAST OFFICE WA US,20150920,0,0,78,51
GHCND:USC00457941,SPOKANE WEATHER FORECAST OFFICE WA US,20150921,0,0,73,41
GHCND:USC00457941,SPOKANE WEATHER FORECAST OFFICE WA US,20150922,0,0,71,36
GHCND:USC00457941,SPOKANE WEATHER FORECAST OFFICE WA US,20150923,0,0,72,35
GHCND:USC00457941,SPOKANE WEATHER FORECAST OFFICE WA US,20150924,0,0,74,42
GHCND:USC00457941,SPOKANE WEATHER FORECAST OFFICE WA US,20150925,0,0,80,38
GHCND:USC00457941,SPOKANE WEATHER FORECAST OFFICE WA US,20150926,0,0,70,41
GHCND:USC00457941,SPOKANE WEATHER FORECAST OFFICE WA US,20150927,0,0,66,29
GHCND:USC00457941,SPOKANE WEATHER FORECAST OFFICE WA US,20150928,0,0,69,30
GHCND:USC00457941,SPOKANE WEATHER FORECAST OFFICE WA US,20150929,0,0,74,33
GHCND:USC00457941,SPOKANE WEATHER FORECAST OFFICE WA US,20150930,0,0,78,36
GHCND:USC00457941,SPOKANE WEATHER FORECAST OFFICE WA US,20151001,0,0,74,45
GHCND:USC00457941,SPOKANE WEATHER FORECAST OFFICE WA US,20151002,0,0,72,38
GHCND:USC00457941,SPOKANE WEATHER FORECAST OFFICE WA US,20151003,0.01,0,70,46
GHCND:USC00457941,SPOKANE WEATHER FORECAST OFFICE WA US,20151004,0,0,69,36
GHCND:USC00457941,SPOKANE WEATHER FORECAST OFFICE WA US,20151005,0,0,71,35
GHCND:USC00457941,SPOKANE WEATHER FORECAST OFFICE WA US,20151006,0,0,72,37
GHCND:USC00457941,SPOKANE WEATHER FORECAST OFFICE WA US,20151007,0.11,0,64,52
GHCND:USC00457941,SPOKANE WEATHER FORECAST OFFICE WA US,20151008,0,0,63,53
GHCND:USC00457941,SPOKANE WEATHER FORECAST OFFICE WA US,20151009,0,0,72,45
GHCND:USC00457941,SPOKANE WEATHER FORECAST OFFICE WA US,20151010,0.04,0,73,47
GHCND:USC00457941,SPOKANE WEATHER FORECAST OFFICE WA US,20151011,0,0,62,42
GHCND:USC00457941,SPOKANE WEATHER FORECAST OFFICE WA US,20151012,0,0,69,38
GHCND:USC00457941,SPOKANE WEATHER FORECAST OFFICE WA US,20151013,0,0,71,42
GHCND:USC00457941,SPOKANE WEATHER FORECAST OFFICE WA US,20151014,0,0,68,35
GHCND:USC00457941,SPOKANE WEATHER FORECAST OFFICE WA US,20151015,0,0,70,39
GHCND:USC00457941,SPOKANE WEATHER FORECAST OFFICE WA US,20151016,0,0,70,39
GHCND:USC00457941,SPOKANE WEATHER FORECAST OFFICE WA US,20151017,0,0,73,40
GHCND:USC00457941,SPOKANE WEATHER FORECAST OFFICE WA US,20151018,0.01,0,55,42
GHCND:USC00457941,SPOKANE WEATHER FORECAST OFFICE WA US,20151019,0,0,55,41
GHCND:USC00457941,SPOKANE WEATHER FORECAST OFFICE WA US,20151020,0,0,62,32
GHCND:USC00457941,SPOKANE WEATHER FORECAST OFFICE WA US,20151021,0,0,60,29
GHCND:USC00457941,SPOKANE WEATHER FORECAST OFFICE WA US,20151022,0,0,62,30
GHCND:USC00457941,SPOKANE WEATHER FORECAST OFFICE WA US,20151023,0,0,57,29
GHCND:USC00457941,SPOKANE WEATHER FORECAST OFFICE WA US,20151024,0,0,50,33
GHCND:USC00457941,SPOKANE WEATHER FORECAST OFFICE WA US,20151025,0.03,0,62,31
GHCND:USC00457941,SPOKANE WEATHER FORECAST OFFICE WA US,20151026,0.19,0,55,37
GHCND:USC00457941,SPOKANE WEATHER FORECAST OFFICE WA US,20151027,0,0,53,36
GHCND:USC00457941,SPOKANE WEATHER FORECAST OFFICE WA US,20151028,0.17,0,51,31
GHCND:USC00457941,SPOKANE WEATHER FORECAST OFFICE WA US,20151029,0.03,0,52,43
GHCND:USC00457941,SPOKANE WEATHER FORECAST OFFICE WA US,20151030,0.11,0,63,46
GHCND:USC00457941,SPOKANE WEATHER FORECAST OFFICE WA US,20151031,0.65,0,59,47
GHCND:USC00457941,SPOKANE WEATHER FORECAST OFFICE WA US,20151101,0.13,0,53,41
GHCND:USC00457941,SPOKANE WEATHER FORECAST OFFICE WA US,20151102,0.01,0,49,31
GHCND:USC00457941,SPOKANE WEATHER FORECAST OFFICE WA US,20151103,0,0,46,27
GHCND:USC00457941,SPOKANE WEATHER FORECAST OFFICE WA US,20151104,0,0,40,22
GHCND:USC00457941,SPOKANE WEATHER FORECAST OFFICE WA US,20151105,0.11,0,38,26
GHCND:USC00457941,SPOKANE WEATHER FORECAST OFFICE WA US,20151106,0,0,38,29
GHCND:USC00457941,SPOKANE WEATHER FORECAST OFFICE WA US,20151107,0.1,0,54,34
GHCND:USC00457941,SPOKANE WEATHER FORECAST OFFICE WA US,20151108,0.18,0,49,38
GHCND:USC00457941,SPOKANE WEATHER FORECAST OFFICE WA US,20151109,0.27,0,45,35
GHCND:USC00457941,SPOKANE WEATHER FORECAST OFFICE WA US,20151110,0,0,40,28
GHCND:USC00457941,SPOKANE WEATHER FORECAST OFFICE WA US,20151111,0,0,46,32
GHCND:USC00457941,SPOKANE WEATHER FORECAST OFFICE WA US,20151112,0.02,0,43,25
GHCND:USC00457941,SPOKANE WEATHER FORECAST OFFICE WA US,20151113,0,0,53,42
GHCND:USC00457941,SPOKANE WEATHER FORECAST OFFICE WA US,20151114,0.02,0,52,42
GHCND:USC00457941,SPOKANE WEATHER FORECAST OFFICE WA US,20151115,0,0,59,30
GHCND:USC00457941,SPOKANE WEATHER FORECAST OFFICE WA US,20151116,0.04,0.4,41,25
GHCND:USC00457941,SPOKANE WEATHER FORECAST OFFICE WA US,20151117,0.04,0,53,32
GHCND:USC00457941,SPOKANE WEATHER FORECAST OFFICE WA US,20151118,0,0,43,28
GHCND:USC00457941,SPOKANE WEATHER FORECAST OFFICE WA US,20151119,0,0,37,24
GHCND:USC00457941,SPOKANE WEATHER FORECAST OFFICE WA US,20151120,0,0,39,17
GHCND:USC00457941,SPOKANE WEATHER FORECAST OFFICE WA US,20151121,0,0,38,14
GHCND:USC00457941,SPOKANE WEATHER FORECAST OFFICE WA US,20151122,0,0,39,15
GHCND:USC00457941,SPOKANE WEATHER FORECAST OFFICE WA US,20151123,0,0,41,21
GHCND:USC00457941,SPOKANE WEATHER FORECAST OFFICE WA US,20151124,0.09,1.1,34,25
GHCND:USC00457941,SPOKANE WEATHER FORECAST OFFICE WA US,20151125,0,0,36,16
GHCND:USC00457941,SPOKANE WEATHER FORECAST OFFICE WA US,20151126,0,0,34,12
GHCND:USC00457941,SPOKANE WEATHER FORECAST OFFICE WA US,20151127,0,0,31,11
GHCND:USC00457941,SPOKANE WEATHER FORECAST OFFICE WA US,20151128,0,0,29,9
GHCND:USC00457941,SPOKANE WEATHER FORECAST OFFICE WA US,20151129,0,0,20,11
GHCND:USC00457941,SPOKANE WEATHER FORECAST OFFICE WA US,20151130,0,0,20,17
GHCND:USC00457941,SPOKANE WEATHER FORECAST OFFICE WA US,20151201,0,0,26,19
GHCND:USC00457941,SPOKANE WEATHER FORECAST OFFICE WA US,20151202,0.08,1,31,21
GHCND:USC00457941,SPOKANE WEATHER FORECAST OFFICE WA US,20151203,0.14,0,41,28
GHCND:USC00457941,SPOKANE WEATHER FORECAST OFFICE WA US,20151204,0.01,0,42,33
GHCND:USC00457941,SPOKANE WEATHER FORECAST OFFICE WA US,20151205,0.03,0,45,28
GHCND:USC00457941,SPOKANE WEATHER FORECAST OFFICE WA US,20151206,0.37,0,44,36
GHCND:USC00457941,SPOKANE WEATHER FORECAST OFFICE WA US,20151207,1.13,0,40,36
GHCND:USC00457941,SPOKANE WEATHER FORECAST OFFICE WA US,20151208,0.44,0,55,37
GHCND:USC00457941,SPOKANE WEATHER FORECAST OFFICE WA US,20151209,0.12,0,52,33
GHCND:USC00457941,SPOKANE WEATHER FORECAST OFFICE WA US,20151210,0.13,0,43,30
GHCND:USC00457941,SPOKANE WEATHER FORECAST OFFICE WA US,20151211,0,0,41,30
GHCND:USC00457941,SPOKANE WEATHER FORECAST OFFICE WA US,20151212,0.24,0.3,39,31
GHCND:USC00457941,SPOKANE WEATHER FORECAST OFFICE WA US,20151213,0,0,39,33
GHCND:USC00457941,SPOKANE WEATHER FORECAST OFFICE WA US,20151214,0,0,40,30
GHCND:USC00457941,SPOKANE WEATHER FORECAST OFFICE WA US,20151215,0.01,0.3,32,22
GHCND:USC00457941,SPOKANE WEATHER FORECAST OFFICE WA US,20151216,0.13,2.1,34,7
GHCND:USC00457941,SPOKANE WEATHER FORECAST OFFICE WA US,20151217,0.33,3.2,26,8
GHCND:USC00457941,SPOKANE WEATHER FORECAST OFFICE WA US,20151218,0.24,0.9,35,26
GHCND:USC00457941,SPOKANE WEATHER FORECAST OFFICE WA US,20151219,0.06,1.1,32,27
GHCND:USC00457941,SPOKANE WEATHER FORECAST OFFICE WA US,20151220,0.08,1.4,33,26
GHCND:USC00457941,SPOKANE WEATHER FORECAST OFFICE WA US,20151221,0.42,5.6,33,29
GHCND:USC00457941,SPOKANE WEATHER FORECAST OFFICE WA US,20151222,0,0,31,22
GHCND:USC00457941,SPOKANE WEATHER FORECAST OFFICE WA US,20151223,0.24,4,31,26
GHCND:USC00457941,SPOKANE WEATHER FORECAST OFFICE WA US,20151224,0.1,1.3,31,26
GHCND:USC00457941,SPOKANE WEATHER FORECAST OFFICE WA US,20151225,0,0.1,29,22
GHCND:USC00457941,SPOKANE WEATHER FORECAST OFFICE WA US,20151226,0,0,28,21
GHCND:USC00457941,SPOKANE WEATHER FORECAST OFFICE WA US,20151227,0.1,1.6,26,21
GHCND:USC00457941,SPOKANE WEATHER FORECAST OFFICE WA US,20151228,0.07,1.1,26,22
GHCND:USC00457941,SPOKANE WEATHER FORECAST OFFICE WA US,20151229,0.01,0.2,24,13
GHCND:USC00457941,SPOKANE WEATHER FORECAST OFFICE WA US,20151230,0,0,23,11
GHCND:USC00457941,SPOKANE WEATHER FORECAST OFFICE WA US,20151231,0,0,21,2
GHCND:USC00457941,SPOKANE WEATHER FORECAST OFFICE WA US,20160101,0,0,18,-2
GHCND:USC00457941,SPOKANE WEATHER FORECAST OFFICE WA US,20160102,0,0,14,-3
GHCND:USC00457941,SPOKANE WEATHER FORECAST OFFICE WA US,20160103,0.09,1.3,23,-1
GHCND:USC00457941,SPOKANE WEATHER FORECAST OFFICE WA US,20160104,0,0,29,22
GHCND:USC00457941,SPOKANE WEATHER FORECAST OFFICE WA US,20160105,0,0,34,24
GHCND:USC00457941,SPOKANE WEATHER FORECAST OFFICE WA US,20160106,0.01,0,35,31
GHCND:USC00457941,SPOKANE WEATHER FORECAST OFFICE WA US,20160107,0,0,33,30
GHCND:USC00457941,SPOKANE WEATHER FORECAST OFFICE WA US,20160108,0,0,33,29
GHCND:USC00457941,SPOKANE WEATHER FORECAST OFFICE WA US,20160109,0,0,33,24
GHCND:USC00457941,SPOKANE WEATHER FORECAST OFFICE WA US,20160110,0,0,30,26
GHCND:USC00457941,SPOKANE WEATHER FORECAST OFFICE WA US,20160111,0.04,0.2,28,22
GHCND:USC00457941,SPOKANE WEATHER FORECAST OFFICE WA US,20160112,0.29,0.1,35,28
GHCND:USC00457941,SPOKANE WEATHER FORECAST OFFICE WA US,20160113,0.17,0.2,38,31
GHCND:USC00457941,SPOKANE WEATHER FORECAST OFFICE WA US,20160114,0,0,32,21
GHCND:USC00457941,SPOKANE WEATHER FORECAST OFFICE WA US,20160115,0.01,0.2,29,11
GHCND:USC00457941,SPOKANE WEATHER FORECAST OFFICE WA US,20160116,0.28,2.7,33,29
GHCND:USC00457941,SPOKANE WEATHER FORECAST OFFICE WA US,20160117,0.22,0,36,32
GHCND:USC00457941,SPOKANE WEATHER FORECAST OFFICE WA US,20160118,0,0,35,31
GHCND:USC00457941,SPOKANE WEATHER FORECAST OFFICE WA US,20160119,0.4,0,37,31
GHCND:USC00457941,SPOKANE WEATHER FORECAST OFFICE WA US,20160120,0.03,0.3,36,28
GHCND:USC00457941,SPOKANE WEATHER FORECAST OFFICE WA US,20160121,0.28,0.4,36,31
GHCND:USC00457941,SPOKANE WEATHER FORECAST OFFICE WA US,20160122,0.1,0,44,30
GHCND:USC00457941,SPOKANE WEATHER FORECAST OFFICE WA US,20160123,0.16,0,37,31
GHCND:USC00457941,SPOKANE WEATHER FORECAST OFFICE WA US,20160124,0,0,36,26
GHCND:USC00457941,SPOKANE WEATHER FORECAST OFFICE WA US,20160125,0,0,33,26
GHCND:USC00457941,SPOKANE WEATHER FORECAST OFFICE WA US,20160126,0.01,0,39,31
GHCND:USC00457941,SPOKANE WEATHER FORECAST OFFICE WA US,20160127,0.01,0,38,33
GHCND:USC00457941,SPOKANE WEATHER FORECAST OFFICE WA US,20160128,0.36,0,44,32
GHCND:USC00457941,SPOKANE WEATHER FORECAST OFFICE WA US,20160129,0.16,0.4,35,30
GHCND:USC00457941,SPOKANE WEATHER FORECAST OFFICE WA US,20160130,0,0,37,24
GHCND:USC00457941,SPOKANE WEATHER FORECAST OFFICE WA US,20160131,0,0,33,26
GHCND:USC00457941,SPOKANE WEATHER FORECAST OFFICE WA US,20160201,0,0,33,23
GHCND:USC00457941,SPOKANE WEATHER FORECAST OFFICE WA US,20160202,0,0,31,17
GHCND:USC00457941,SPOKANE WEATHER FORECAST OFFICE WA US,20160203,0.11,1,29,16
GHCND:USC00457941,SPOKANE WEATHER FORECAST OFFICE WA US,20160204,0,0.1,33,25
GHCND:USC00457941,SPOKANE WEATHER FORECAST OFFICE WA US,20160205,0.2,0,46,31
GHCND:USC00457941,SPOKANE WEATHER FORECAST OFFICE WA US,20160206,0,0,42,28
GHCND:USC00457941,SPOKANE WEATHER FORECAST OFFICE WA US,20160207,0,0,38,24
GHCND:USC00457941,SPOKANE WEATHER FORECAST OFFICE WA US,20160208,0,0,46,28
GHCND:USC00457941,SPOKANE WEATHER FORECAST OFFICE WA US,20160209,0,0,49,28
GHCND:USC00457941,SPOKANE WEATHER FORECAST OFFICE WA US,20160210,0,0,39,29
GHCND:USC00457941,SPOKANE WEATHER FORECAST OFFICE WA US,20160211,0.06,0,43,33
GHCND:USC00457941,SPOKANE WEATHER FORECAST OFFICE WA US,20160212,0.14,0,50,37
GHCND:USC00457941,SPOKANE WEATHER FORECAST OFFICE WA US,20160213,0.08,0,45,36
GHCND:USC00457941,SPOKANE WEATHER FORECAST OFFICE WA US,20160214,0.02,0,48,37
GHCND:USC00457941,SPOKANE WEATHER FORECAST OFFICE WA US,20160215,0,0,54,44
GHCND:USC00457941,SPOKANE WEATHER FORECAST OFFICE WA US,20160216,0,0,52,39
GHCND:USC00457941,SPOKANE WEATHER FORECAST OFFICE WA US,20160217,0.03,0,49,39
GHCND:USC00457941,SPOKANE WEATHER FORECAST OFFICE WA US,20160218,0.18,0,48,34
GHCND:USC00457941,SPOKANE WEATHER FORECAST OFFICE WA US,20160219,0.07,0,47,33
GHCND:USC00457941,SPOKANE WEATHER FORECAST OFFICE WA US,20160220,0,0,45,26
GHCND:USC00457941,SPOKANE WEATHER FORECAST OFFICE WA US,20160221,0,0,42,25
GHCND:USC00457941,SPOKANE WEATHER FORECAST OFFICE WA US,20160222,0,0,42,25
GHCND:USC00457941,SPOKANE WEATHER FORECAST OFFICE WA US,20160223,0,0,44,23
GHCND:USC00457941,SPOKANE WEATHER FORECAST OFFICE WA US,20160224,0,0,46,28
GHCND:USC00457941,SPOKANE WEATHER FORECAST OFFICE WA US,20160225,0,0,51,27
GHCND:USC00457941,SPOKANE WEATHER FORECAST OFFICE WA US,20160226,0,0,54,28
GHCND:USC00457941,SPOKANE WEATHER FORECAST OFFICE WA US,20160227,0.01,0,55,36
GHCND:USC00457941,SPOKANE WEATHER FORECAST OFFICE WA US,20160228,0,0,53,34
GHCND:USC00457941,SPOKANE WEATHER FORECAST OFFICE WA US,20160229,0,0,48,31
GHCND:USC00457941,SPOKANE WEATHER FORECAST OFFICE WA US,20160301,0.37,0,44,33
GHCND:USC00457941,SPOKANE WEATHER FORECAST OFFICE WA US,20160302,0,0,51,35
GHCND:USC00457941,SPOKANE WEATHER FORECAST OFFICE WA US,20160303,0.01,0,53,31
GHCND:USC00457941,SPOKANE WEATHER FORECAST OFFICE WA US,20160304,0,0,59,29
GHCND:USC00457941,SPOKANE WEATHER FORECAST OFFICE WA US,20160305,0.28,0,55,39
GHCND:USC00457941,SPOKANE WEATHER FORECAST OFFICE WA US,20160306,0.39,0,51,34
GHCND:USC00457941,SPOKANE WEATHER FORECAST OFFICE WA US,20160307,0.02,0,47,31
GHCND:USC00457941,SPOKANE WEATHER FORECAST OFFICE WA US,20160308,0,0,46,30
GHCND:USC00457941,SPOKANE WEATHER FORECAST OFFICE WA US,20160309,0.46,0,44,31
GHCND:USC00457941,SPOKANE WEATHER FORECAST OFFICE WA US,20160310,0.06,0,49,35
GHCND:USC00457941,SPOKANE WEATHER FORECAST OFFICE WA US,20160311,0.12,0,51,30
GHCND:USC00457941,SPOKANE WEATHER FORECAST OFFICE WA US,20160312,0.32,0,48,34
GHCND:USC00457941,SPOKANE WEATHER FORECAST OFFICE WA US,20160313,0.11,0,47,30
GHCND:USC00457941,SPOKANE WEATHER FORECAST OFFICE WA US,20160314,0,0,46,32
GHCND:USC00457941,SPOKANE WEATHER FORECAST OFFICE WA US,20160315,0,0,46,30
GHCND:USC00457941,SPOKANE WEATHER FORECAST OFFICE WA US,20160316,0,0,47,30
GHCND:USC00457941,SPOKANE WEATHER FORECAST OFFICE WA US,20160317,0,0,46,25
GHCND:USC00457941,SPOKANE WEATHER FORECAST OFFICE WA US,20160318,0,0,49,22
GHCND:USC00457941,SPOKANE WEATHER FORECAST OFFICE WA US,20160319,0,0,55,29
GHCND:USC00457941,SPOKANE WEATHER FORECAST OFFICE WA US,20160320,0.13,0,63,33
GHCND:USC00457941,SPOKANE WEATHER FORECAST OFFICE WA US,20160321,0.02,0,56,40
GHCND:USC00457941,SPOKANE WEATHER FORECAST OFFICE WA US,20160322,0.82,0,44,33
GHCND:USC00457941,SPOKANE WEATHER FORECAST OFFICE WA US,20160323,0.09,0,50,32
GHCND:USC00457941,SPOKANE WEATHER FORECAST OFFICE WA US,20160324,0,0,50,37
GHCND:USC00457941,SPOKANE WEATHER FORECAST OFFICE WA US,20160325,0,0,48,32
GHCND:USC00457941,SPOKANE WEATHER FORECAST OFFICE WA US,20160326,0,0,51,30
GHCND:USC00457941,SPOKANE WEATHER FORECAST OFFICE WA US,20160327,0.36,0,48,36
GHCND:USC00457941,SPOKANE WEATHER FORECAST OFFICE WA US,20160328,0.06,0,46,30
GHCND:USC00457941,SPOKANE WEATHER FORECAST OFFICE WA US,20160329,0,0,58,29
GHCND:USC00457941,SPOKANE WEATHER FORECAST OFFICE WA US,20160330,0,0,63,28
GHCND:USC00457941,SPOKANE WEATHER FORECAST OFFICE WA US,20160331,0,0,63,32
GHCND:USC00457941,SPOKANE WEATHER FORECAST OFFICE WA US,20160401,0,0,67,34
GHCND:USC00457941,SPOKANE WEATHER FORECAST OFFICE WA US,20160402,0,0,67,37
GHCND:USC00457941,SPOKANE WEATHER FORECAST OFFICE WA US,20160403,0,0,64,36
GHCND:USC00457941,SPOKANE WEATHER FORECAST OFFICE WA US,20160404,0.13,0,54,36
GHCND:USC00457941,SPOKANE WEATHER FORECAST OFFICE WA US,20160405,0,0,53,32
GHCND:USC00457941,SPOKANE WEATHER FORECAST OFFICE WA US,20160406,0,0,64,34
GHCND:USC00457941,SPOKANE WEATHER FORECAST OFFICE WA US,20160407,0,0,72,34
GHCND:USC00457941,SPOKANE WEATHER FORECAST OFFICE WA US,20160408,0,0,78,37
GHCND:USC00457941,SPOKANE WEATHER FORECAST OFFICE WA US,20160409,0,0,73,41
GHCND:USC00457941,SPOKANE WEATHER FORECAST OFFICE WA US,20160410,0,0,69,31
GHCND:USC00457941,SPOKANE WEATHER FORECAST OFFICE WA US,20160411,0,0,67,35
GHCND:USC00457941,SPOKANE WEATHER FORECAST OFFICE WA US,20160412,0.01,0,49,45
GHCND:USC00457941,SPOKANE WEATHER FORECAST OFFICE WA US,20160413,0,0,58,45
GHCND:USC00457941,SPOKANE WEATHER FORECAST OFFICE WA US,20160414,0.1,0,53,41
GHCND:USC00457941,SPOKANE WEATHER FORECAST OFFICE WA US,20160415,0,0,55,29
GHCND:USC00457941,SPOKANE WEATHER FORECAST OFFICE WA US,20160416,0,0,62,29
GHCND:USC00457941,SPOKANE WEATHER FORECAST OFFICE WA US,20160417,0,0,70,33
GHCND:USC00457941,SPOKANE WEATHER FORECAST OFFICE WA US,20160418,0,0,76,38
GHCND:USC00457941,SPOKANE WEATHER FORECAST OFFICE WA US,20160419,0,0,79,40
